"","EVTYPE","n"
"1","HAIL",233760
"2","TSTM WIND",219942
"3","TORNADO",54640
"4","FLASH FLOOD",40262
"5","THUNDERSTORM WINDS",20843
"6","THUNDERSTORM WIND",20189
"7","FLOOD",15842
"8","LIGHTNING",12943
"9","HIGH WIND",12086
"10","HEAVY SNOW",11418
"11","HEAVY RAIN",7986
"12","WINTER STORM",6527
"13","MARINE TSTM WIND",6175
"14","FUNNEL CLOUD",5063
"15","URBAN SML STREAM FLD",3392
"16","WATERSPOUT",3049
"17","WINTER WEATHER",2342
"18","STRONG WIND",1701
"19","DROUGHT",1568
"20","ICE STORM",1545
"21","HIGH WINDS",1533
"22","WILD FOREST FIRE",1457
"23","BLIZZARD",1353
"24","WILDFIRE",1337
"25","EXCESSIVE HEAT",1249
"26","WINTER WEATHER MIX",1110
"27","TSTM WIND HAIL",1028
"28","MARINE THUNDERSTORM WIND",997
"29","DENSE FOG",764
"30","FROST FREEZE",753
"31","FLASH FLOODING",682
"32","EXTREME COLD",657
"33","FLOOD FLASH FLOOD",626
"34","SNOW",617
"35","FOG",538
"36","HIGH SURF",481
"37","EXTREME COLD WIND CHILL",429
"38","TROPICAL STORM",387
"39","LANDSLIDE",375
"40","WIND",346
"41","COASTAL FLOOD",339
"42","RIP CURRENTS",304
"43","MARINE HAIL",295
"44","DUST STORM",292
"45","RIP CURRENT",288
"46","AVALANCHE",283
"47","STORM SURGE",261
"48","FREEZING RAIN",260
"49","HEAT",256
"50","URBAN FLOOD",251
"51","HEAVY SURF HIGH SURF",228
"52","LAKE-EFFECT SNOW",224
"53","EXTREME WINDCHILL",204
"54","STRONG WINDS",204
"55","DRY MICROBURST",186
"56","COASTAL FLOODING",183
"57","COLD WIND CHILL",180
"58","LIGHT SNOW",176
"59","RIVER FLOOD",173
"60","RECORD WARMTH",154
"61","HURRICANE",146
"62","UNSEASONABLY WARM",126
"63","FLOODING",120
"64","DUST DEVIL",107
"65","ASTRONOMICAL HIGH TIDE",103
"66","MODERATE SNOWFALL",101
"67","URBAN FLOODING",99
"68","WINTRY MIX",94
"69","HURRICANE TYPHOON",88
"70","FUNNEL CLOUDS",87
"71","HEAVY SURF",87
"72","THUNDERSTORM WINDS HAIL",85
"73","COLD",82
"74","RECORD HEAT",82
"75","FREEZE",76
"76","HEAT WAVE",75
"77","RECORD COLD",67
"78","GUSTY WINDS",65
"79","ICE",61
"80","FROST",57
"81","UNSEASONABLY DRY",56
"82","ASTRONOMICAL LOW TIDE",54
"83","SMALL HAIL",53
"84","OTHER",52
"85","THUNDERSTORM WINDSS",51
"86","FUNNEL",46
"87","THUNDERSTORM",45
"88","GLAZE",43
"89","TEMPERATURE RECORD",43
"90","TROPICAL DEPRESSION",43
"91","STORM SURGE TIDE",41
"92","TSTM WIND (G45)",39
"93","MIXED PRECIPITATION",37
"94","WATERSPOUTS",37
"95","MONTHLY PRECIPITATION",36
"96","WINDS",36
"97","HEAVY SNOW SQUALLS",34
"98","SNOW AND ICE",34
"99","SLEET",33
"100","FLASH FLOODS",32
"101","ICY ROADS",32
"102","URBAN SMALL STREAM FLOOD",32
"103","WIND DAMAGE",31
"104","HAIL 75",29
"105","RIVER FLOODING",29
"106","HEAVY RAINS",26
"107","EXCESSIVE SNOW",25
"108","HEAVY LAKE SNOW",25
"109","TIDAL FLOODING",25
"110","FREEZING DRIZZLE",24
"111","GUSTY WIND",24
"112","LAKE EFFECT SNOW",23
"113","LIGHT FREEZING RAIN",23
"114","SEVERE THUNDERSTORMS",23
"115","UNSEASONABLY COLD",23
"116","VOLCANIC ASH",23
"117","EXTREME HEAT",22
"118","FLASH FLOOD FLOOD",22
"119","PROLONG COLD",22
"120","SNOW SQUALLS",22
"121","EXTREME WINDCHILL TEMPERATURES",19
"122","SNOW SQUALL",19
"123","TORNADO F0",19
"124","UNSEASONABLY WET",19
"125","HAIL 0.75",18
"126","WIND CHILL",18
"127","BLACK ICE",17
"128","BLOWING SNOW",17
"129","MUDSLIDE",17
"130","SNOW FREEZING RAIN",17
"131","SNOW ICE STORM",17
"132","FREEZING FOG",16
"133","RAIN",16
"134","RECORD TEMPERATURE",16
"135","SEICHE",16
"136","HEAVY SNOW-SQUALLS",15
"137","RECORD RAINFALL",14
"138","THUNDERSTORMS WINDS",14
"139","DROUGHT EXCESSIVE HEAT",13
"140","HAIL 100",13
"141","HAIL 175",13
"142","MARINE HIGH WIND",13
"143","MONTHLY RAINFALL",13
"144","SEVERE THUNDERSTORM",13
"145","UNSEASONABLY WARM AND DRY",13
"146","MARINE STRONG WIND",12
"147","SLEET STORM",12
"148","UNSEASONABLY COOL",12
"149","WIND ADVISORY",12
"150","SMOKE",11
"151","SNOW SLEET",11
"152","TYPHOON",11
"153","COASTAL STORM",10
"154","MIXED PRECIP",10
"155","TSTM WIND (G40)",10
"156","UNSEASONABLY HOT",10
"157","UNUSUAL WARMTH",10
"158","WATERSPOUT-",10
"159","DRY",9
"160","FIRST SNOW",9
"161","FREEZING RAIN SLEET",9
"162","GRADIENT WIND",9
"163","HEAVY RAINS FLOODING",9
"164","HURRICANE OPAL",9
"165","MICROBURST",9
"166","MUDSLIDES",9
"167","WATERSPOUT TORNADO",9
"168","DAMAGING FREEZE",8
"169","FLASH FLOODING FLOOD",8
"170","GRADIENT WINDS",8
"171","HEAVY MIX",8
"172","HIGH SEAS",8
"173","LANDSLIDES",8
"174","RECORD SNOW",8
"175","UNUSUALLY COLD",8
"176","URBAN SMALL STREAM",8
"177","WILDFIRES",8
"178","COLD AND FROST",7
"179","EARLY SNOWFALL",7
"180","HARD FREEZE",7
"181","HURRICANE ERIN",7
"182","LOW TEMPERATURE",7
"183","MUD SLIDE",7
"184","NON SEVERE HAIL",7
"185","RECORD HIGH",7
"186","SMALL STREAM FLOOD",7
"187","SNOW BLOWING SNOW",7
"188","SNOW DROUGHT",7
"189","SNOW ICE",7
"190","THUNDERSTORM  WINDS",7
"191","THUNDERSTORM WINDS LIGHTNING",7
"192","AGRICULTURAL FREEZE",6
"193","COLD WIND CHILL TEMPERATURES",6
"194","DRY CONDITIONS",6
"195","EXTREME WIND CHILL",6
"196","FLOOD RAIN WINDS",6
"197","FREEZING RAIN AND SLEET",6
"198","GUSTNADO",6
"199","HAIL 1.00",6
"200","HIGH WATER",6
"201","HIGH WIND BLIZZARD",6
"202","HYPOTHERMIA EXPOSURE",6
"203","RECORD SNOWFALL",6
"204","SMALL STREAM URBAN FLOOD",6
"205","SNOW SHOWERS",6
"206","SNOW SLEET FREEZING RAIN",6
"207","THUNDERSTORMS WIND",6
"208","TSTM WINDS",6
"209","URBAN AND SMALL STREAM FLOODIN",6
"210","WET MICROBURST",6
"211","COASTAL FLOODING EROSION",5
"212","DRY MICROBURST WINDS",5
"213","EXCESSIVE RAIN",5
"214","FLASH FLOOD FROM ICE JAMS",5
"215","FLOOD FLASH",5
"216","GUSTY THUNDERSTORM WINDS",5
"217","HEAVY SNOW ICE",5
"218","HIGH SWELLS",5
"219","HIGH WINDS COLD",5
"220","ICE JAM FLOODING",5
"221","ICE SNOW",5
"222","MICROBURST WINDS",5
"223","RAIN SNOW",5
"224","RECORD COOL",5
"225","RECORD TEMPERATURES",5
"226","ROTATING WALL CLOUD",5
"227","SEVERE THUNDERSTORM WINDS",5
"228","SNOW AND SLEET",5
"229","SNOWMELT FLOODING",5
"230","TSTM WIND 52",5
"231","WALL CLOUD",5
"232"," TSTM WIND",4
"233","ABNORMAL WARMTH",4
"234","ACCUMULATED SNOWFALL",4
"235","BEACH EROSION",4
"236","BLOWING DUST",4
"237","COLD AIR FUNNEL",4
"238","COLD TEMPERATURES",4
"239","COLD WEATHER",4
"240","DAM BREAK",4
"241","DENSE SMOKE",4
"242","DRY SPELL",4
"243","DRY WEATHER",4
"244","EXCESSIVE RAINFALL",4
"245","EXTREME RECORD COLD",4
"246","FREEZING RAIN SNOW",4
"247","HAIL 1.75",4
"248","HEAVY RAIN AND WIND",4
"249","HEAVY RAIN WIND",4
"250","HIGH SURF ADVISORY",4
"251","ICE JAM",4
"252","MINOR FLOODING",4
"253","MONTHLY TEMPERATURE",4
"254","PROLONG WARMTH",4
"255","PROLONGED RAIN",4
"256","RECORD LOW",4
"257","ROUGH SURF",4
"258","SAHARAN DUST",4
"259","SMALL STREAM FLOODING",4
"260","THUNDERSTORM WIND  TREES",4
"261","THUNDERSTORM WIND 60 MPH",4
"262","THUNDERSTORM WIND G50",4
"263","THUNDERSTORMS",4
"264","TORNADO F1",4
"265","TSUNAMI",4
"266","UNUSUALLY WARM",4
"267","URBAN SMALL STREAM FLOODING",4
"268","WET MONTH",4
"269","WET YEAR",4
"270","WILD FIRES",4
"271","BITTER WIND CHILL TEMPERATURES",3
"272","BRUSH FIRE",3
"273","COLD WAVE",3
"274","EARLY SNOW",3
"275","FLOODS",3
"276","GUSTY THUNDERSTORM WIND",3
"277","HAIL 275",3
"278","HAIL WIND",3
"279","HAILSTORM",3
"280","HEAVY PRECIPITATION",3
"281","HEAVY RAINFALL",3
"282","HEAVY SNOW BLIZZARD",3
"283","HIGH TEMPERATURE RECORD",3
"284","HIGH WAVES",3
"285","HIGH WIND HEAVY SNOW",3
"286","HIGH WINDS SNOW",3
"287","HURRICANE-GENERATED SWELLS",3
"288","LAKESHORE FLOOD",3
"289","LIGHT SNOW FLURRIES",3
"290","LIGHTING",3
"291","MAJOR FLOOD",3
"292","NORMAL PRECIPITATION",3
"293","PATCHY DENSE FOG",3
"294","RECORD EXCESSIVE HEAT",3
"295","RECORD HIGH TEMPERATURE",3
"296","RECORD WINTER SNOW",3
"297","RIP CURRENTS HEAVY SURF",3
"298","ROUGH SEAS",3
"299","STREET FLOOD",3
"300","STREET FLOODING",3
"301","THUNDERSTORM WINDS FUNNEL CLOU",3
"302","THUNDERSTORM WINDS.",3
"303","THUNDERSTORMW WINDS",3
"304","THUNDERTORM WINDS",3
"305","TORNADO F2",3
"306","TROPICAL STORM JERRY",3
"307","TSTM HEAVY RAIN",3
"308","TSTM WIND 55",3
"309","URBAN AND SMALL STREAM",3
"310","URBAN AND SMALL STREAM FLOOD",3
"311","URBAN FLOODS",3
"312","URBAN SMALL",3
"313","URBAN STREET FLOODING",3
"314","WHIRLWIND",3
"315","WIND GUSTS",3
"316","WINTER MIX",3
"317","WINTER STORMS",3
"318","ABNORMALLY DRY",2
"319","BEACH FLOOD",2
"320","BELOW NORMAL PRECIPITATION",2
"321","BLIZZARD AND EXTREME WIND CHIL",2
"322","BLIZZARD HEAVY SNOW",2
"323","BLOWING SNOW & EXTREME WIND CH",2
"324","COASTAL SURGE",2
"325","COASTAL TIDAL FLOOD",2
"326","COLD AIR FUNNELS",2
"327","COLD TEMPERATURE",2
"328","CSTL FLOODING EROSION",2
"329","DOWNBURST",2
"330","DOWNBURST WINDS",2
"331","DRY MICROBURST 58",2
"332","EARLY FROST",2
"333","EROSION CSTL FLOOD",2
"334","EXCESSIVE COLD",2
"335","FALLING SNOW ICE",2
"336","FLASH FLOOD - HEAVY RAIN",2
"337","FLASH FLOOD  FLOOD",2
"338","FLOOD & HEAVY RAIN",2
"339","FLOOD FLASH FLOODING",2
"340","GLAZE ICE",2
"341","GROUND BLIZZARD",2
"342","HAIL 150",2
"343","HAIL 80",2
"344","HAIL DAMAGE",2
"345","HAIL WINDS",2
"346","HEAT DROUGHT",2
"347","HEAT WAVES",2
"348","HEAVY RAIN FLOODING",2
"349","HEAVY RAIN SEVERE WEATHER",2
"350","HEAVY SEAS",2
"351","HEAVY SHOWER",2
"352","HEAVY SNOW AND HIGH WINDS",2
"353","HEAVY SNOW AND ICE",2
"354","HEAVY SNOW AND ICE STORM",2
"355","HEAVY SNOW FREEZING RAIN",2
"356","HEAVY SNOW ICE STORM",2
"357","HIGH TIDES",2
"358","HIGH WIND (G40)",2
"359","HIGH WIND AND HIGH TIDES",2
"360","HIGH WIND DAMAGE",2
"361","HIGH WINDS 63",2
"362","HIGH WINDS 66",2
"363","HIGH WINDS 80",2
"364","HOT AND DRY",2
"365","HOT SPELL",2
"366","HURRICANE EDOUARD",2
"367","HURRICANE FELIX",2
"368","HVY RAIN",2
"369","ICE FLOES",2
"370","ICE FOG",2
"371","LANDSLUMP",2
"372","LANDSPOUT",2
"373","LATE SEASON SNOWFALL",2
"374","LATE SNOW",2
"375","LIGHT SNOW AND SLEET",2
"376","MARINE MISHAP",2
"377","MONTHLY SNOWFALL",2
"378","NON TSTM WIND",2
"379","NONE",2
"380","RECORD COLD FROST",2
"381","RECORD DRYNESS",2
"382","RECORD LOW RAINFALL",2
"383","RED FLAG CRITERIA",2
"384","RED FLAG FIRE WX",2
"385","REMNANTS OF FLOYD",2
"386","RIVER AND STREAM FLOOD",2
"387","ROCK SLIDE",2
"388","RURAL FLOOD",2
"389","SLEET FREEZING RAIN",2
"390","SLEET SNOW",2
"391","SMALL STREAM AND URBAN FLOOD",2
"392","SML STREAM FLD",2
"393","SNOW ACCUMULATION",2
"394","SNOW AND COLD",2
"395","SNOW AND HEAVY SNOW",2
"396","SNOW COLD",2
"397","SNOW HIGH WINDS",2
"398","STRONG WIND GUST",2
"399","SUMMARY AUGUST 10",2
"400","SUMMARY AUGUST 11",2
"401","SUMMARY OF APRIL 12",2
"402","SUMMARY OF APRIL 21",2
"403","SUMMARY OF JUNE 13",2
"404","SUMMARY OF JUNE 3",2
"405","SUMMARY OF MARCH 23",2
"406","SUMMARY SEPTEMBER 23",2
"407","SUMMARY: NOV. 16",2
"408","THUDERSTORM WINDS",2
"409","THUNDEERSTORM WINDS",2
"410","THUNDERSTORM DAMAGE",2
"411","THUNDERSTORM WIND 50",2
"412","THUNDERSTORM WIND G52",2
"413","THUNDERSTORM WIND G60",2
"414","THUNDERSTORM WINDS  FLOOD",2
"415","THUNDERSTORM WINDS AND",2
"416","THUNDERSTORM WINDS G",2
"417","THUNDERSTORM WINDS HEAVY RAIN",2
"418","THUNDERSTROM WINDS",2
"419","THUNDESTORM WINDS",2
"420","TORNADO F3",2
"421","TORNADOES",2
"422","TROPICAL STORM DEAN",2
"423","TSTM WIND 51",2
"424","UNSEASONABLY COOL & WET",2
"425","UNSEASONABLY WARM WET",2
"426","UNSEASONABLY WARM YEAR",2
"427","UNSEASONAL LOW TEMP",2
"428","UNSEASONAL RAIN",2
"429","UNUSUAL RECORD WARMTH",2
"430","URBAN AND SMALL",2
"431","URBAN SMALL STREAM  FLOOD",2
"432","VERY DRY",2
"433","VOLCANIC ERUPTION",2
"434","WAKE LOW WIND",2
"435","WATERSPOUT-TORNADO",2
"436","WATERSPOUT  TORNADO",2
"437","WINTER STORM HIGH WINDS",2
"438","WINTERY MIX",2
"439","   HIGH SURF ADVISORY",1
"440"," COASTAL FLOOD",1
"441"," FLASH FLOOD",1
"442"," LIGHTNING",1
"443"," TSTM WIND (G45)",1
"444"," WATERSPOUT",1
"445"," WIND",1
"446","?",1
"447","ABNORMALLY WET",1
"448","APACHE COUNTY",1
"449","AVALANCE",1
"450","BEACH EROSIN",1
"451","BEACH EROSION COASTAL FLOOD",1
"452","BITTER WIND CHILL",1
"453","BLIZZARD AND HEAVY SNOW",1
"454","BLIZZARD FREEZING RAIN",1
"455","BLIZZARD HIGH WIND",1
"456","BLIZZARD SUMMARY",1
"457","BLIZZARD WEATHER",1
"458","BLIZZARD WINTER STORM",1
"459","BLOW-OUT TIDE",1
"460","BLOW-OUT TIDES",1
"461","BLOWING SNOW- EXTREME WIND CHI",1
"462","BLOWING SNOW EXTREME WIND CHIL",1
"463","BREAKUP FLOODING",1
"464","BRUSH FIRES",1
"465","COASTAL  FLOODING EROSION",1
"466","COASTAL EROSION",1
"467","COASTALFLOOD",1
"468","COASTALSTORM",1
"469","COLD AIR TORNADO",1
"470","COLD AND SNOW",1
"471","COLD AND WET CONDITIONS",1
"472","COLD WINDS",1
"473","COOL AND WET",1
"474","COOL SPELL",1
"475","DAM FAILURE",1
"476","DEEP HAIL",1
"477","DRIEST MONTH",1
"478","DRIFTING SNOW",1
"479","DROWNING",1
"480","DRY HOT WEATHER",1
"481","DRY MICROBURST 50",1
"482","DRY MICROBURST 53",1
"483","DRY MICROBURST 61",1
"484","DRY MICROBURST 84",1
"485","DRY MIRCOBURST WINDS",1
"486","DRY PATTERN",1
"487","DRYNESS",1
"488","DUST DEVEL",1
"489","DUST DEVIL WATERSPOUT",1
"490","DUST STORM HIGH WINDS",1
"491","DUSTSTORM",1
"492","EARLY FREEZE",1
"493","EARLY RAIN",1
"494","EXCESSIVE",1
"495","EXCESSIVE HEAT DROUGHT",1
"496","EXCESSIVE PRECIPITATION",1
"497","EXCESSIVE WETNESS",1
"498","EXCESSIVELY DRY",1
"499","EXTENDED COLD",1
"500","EXTREME WIND CHILL BLOWING SNO",1
"501","EXTREME WIND CHILLS",1
"502","EXTREMELY WET",1
"503","FIRST FROST",1
"504","FLASH FLOOD ",1
"505","FLASH FLOOD  STREET",1
"506","FLASH FLOOD HEAVY RAIN",1
"507","FLASH FLOOD LANDSLIDE",1
"508","FLASH FLOOD LANDSLIDES",1
"509","FLASH FLOOD WINDS",1
"510","FLASH FLOODING THUNDERSTORM WI",1
"511","FLASH FLOOODING",1
"512","FLOOD FLASHFLOOD",1
"513","FLOOD FLOOD FLASH",1
"514","FLOOD RAIN WIND",1
"515","FLOOD RIVER FLOOD",1
"516","FLOOD STRONG WIND",1
"517","FLOOD WATCH ",1
"518","FLOODING HEAVY RAIN",1
"519","FOG AND COLD TEMPERATURES",1
"520","FOREST FIRES",1
"521","FREEZING DRIZZLE AND FREEZING",1
"522","FREEZING RAIN AND SNOW",1
"523","FREEZING RAIN SLEET AND",1
"524","FREEZING RAIN SLEET AND LIGHT",1
"525","FREEZING SPRAY",1
"526","FROST\FREEZE",1
"527","FUNNEL CLOUD HAIL",1
"528","FUNNEL CLOUD.",1
"529","FUNNELS",1
"530","GLAZE ICE STORM",1
"531","GRASS FIRES",1
"532","GUSTNADO AND",1
"533","GUSTY LAKE WIND",1
"534","GUSTY WIND HAIL",1
"535","GUSTY WIND HVY RAIN",1
"536","GUSTY WIND RAIN",1
"537","HAIL 0.88",1
"538","HAIL 075",1
"539","HAIL 088",1
"540","HAIL 1.75)",1
"541","HAIL 125",1
"542","HAIL 200",1
"543","HAIL 225",1
"544","HAIL 450",1
"545","HAIL 88",1
"546","HAIL ALOFT",1
"547","HAIL FLOODING",1
"548","HAIL ICY ROADS",1
"549","HAIL STORM",1
"550","HAIL(0.75)",1
"551","HAILSTORMS",1
"552","HAZARDOUS SURF",1
"553","HEAT WAVE DROUGHT",1
"554","HEATBURST",1
"555","HEAVY PRECIPATATION",1
"556","HEAVY RAIN AND FLOOD",1
"557","HEAVY RAIN EFFECTS",1
"558","HEAVY RAIN HIGH SURF",1
"559","HEAVY RAIN LIGHTNING",1
"560","HEAVY RAIN MUDSLIDES FLOOD",1
"561","HEAVY RAIN SMALL STREAM URBAN",1
"562","HEAVY RAIN SNOW",1
"563","HEAVY RAIN URBAN FLOOD",1
"564","HEAVY RAIN; URBAN FLOOD WINDS;",1
"565","HEAVY SHOWERS",1
"566","HEAVY SNOW   FREEZING RAIN",1
"567","HEAVY SNOW & ICE",1
"568","HEAVY SNOW AND",1
"569","HEAVY SNOW AND STRONG WINDS",1
"570","HEAVY SNOW ANDBLOWING SNOW",1
"571","HEAVY SNOW BLIZZARD AVALANCHE",1
"572","HEAVY SNOW BLOWING SNOW",1
"573","HEAVY SNOW HIGH",1
"574","HEAVY SNOW HIGH WIND",1
"575","HEAVY SNOW HIGH WINDS",1
"576","HEAVY SNOW HIGH WINDS & FLOOD",1
"577","HEAVY SNOW HIGH WINDS FREEZING",1
"578","HEAVY SNOW SHOWER",1
"579","HEAVY SNOW SLEET",1
"580","HEAVY SNOW WIND",1
"581","HEAVY SNOW WINTER STORM",1
"582","HEAVY SNOWPACK",1
"583","HEAVY SURF AND WIND",1
"584","HEAVY SURF COASTAL FLOODING",1
"585","HEAVY SWELLS",1
"586","HEAVY WET SNOW",1
"587","HIGH",1
"588","HIGH  SWELLS",1
"589","HIGH  WINDS",1
"590","HIGH SURF ADVISORIES",1
"591","HIGH WIND  BLIZZARD",1
"592","HIGH WIND 48",1
"593","HIGH WIND 63",1
"594","HIGH WIND 70",1
"595","HIGH WIND AND HEAVY SNOW",1
"596","HIGH WIND AND SEAS",1
"597","HIGH WIND BLIZZARD FREEZING RA",1
"598","HIGH WIND LOW WIND CHILL",1
"599","HIGH WIND SEAS",1
"600","HIGH WIND WIND CHILL",1
"601","HIGH WIND WIND CHILL BLIZZARD",1
"602","HIGH WINDS ",1
"603","HIGH WINDS 55",1
"604","HIGH WINDS 57",1
"605","HIGH WINDS 58",1
"606","HIGH WINDS 67",1
"607","HIGH WINDS 73",1
"608","HIGH WINDS 76",1
"609","HIGH WINDS 82",1
"610","HIGH WINDS AND WIND CHILL",1
"611","HIGH WINDS COASTAL FLOOD",1
"612","HIGH WINDS DUST STORM",1
"613","HIGH WINDS FLOODING",1
"614","HIGH WINDS HEAVY RAIN",1
"615","HIGH WINDS HEAVY RAINS",1
"616","HIGHWAY FLOODING",1
"617","HOT DRY PATTERN",1
"618","HOT PATTERN",1
"619","HOT WEATHER",1
"620","HURRICANE EMILY",1
"621","HURRICANE GORDON",1
"622","HURRICANE OPAL HIGH WINDS",1
"623","HYPERTHERMIA EXPOSURE",1
"624","HYPOTHERMIA",1
"625","ICE AND SNOW",1
"626","ICE JAM FLOOD (MINOR",1
"627","ICE ON ROAD",1
"628","ICE PELLETS",1
"629","ICE ROADS",1
"630","ICE STORM AND SNOW",1
"631","ICE STORM FLASH FLOOD",1
"632","ICE STRONG WINDS",1
"633","ICESTORM BLIZZARD",1
"634","LACK OF SNOW",1
"635","LAKE FLOOD",1
"636","LANDSLIDE URBAN FLOOD",1
"637","LARGE WALL CLOUD",1
"638","LATE-SEASON SNOWFALL",1
"639","LATE FREEZE",1
"640","LATE SEASON HAIL",1
"641","LATE SEASON SNOW",1
"642","LIGHT SNOW FREEZING PRECIP",1
"643","LIGHT SNOWFALL",1
"644","LIGHTNING  WAUSEON",1
"645","LIGHTNING AND HEAVY RAIN",1
"646","LIGHTNING AND THUNDERSTORM WIN",1
"647","LIGHTNING AND WINDS",1
"648","LIGHTNING DAMAGE",1
"649","LIGHTNING FIRE",1
"650","LIGHTNING HEAVY RAIN",1
"651","LIGHTNING INJURY",1
"652","LIGHTNING THUNDERSTORM WINDS",1
"653","LIGHTNING THUNDERSTORM WINDSS",1
"654","LIGHTNING.",1
"655","LIGNTNING",1
"656","LOCAL FLASH FLOOD",1
"657","LOCAL FLOOD",1
"658","LOCALLY HEAVY RAIN",1
"659","LOW TEMPERATURE RECORD",1
"660","LOW WIND CHILL",1
"661","MARINE ACCIDENT",1
"662","METRO STORM, MAY 26",1
"663","MILD AND DRY PATTERN",1
"664","MILD DRY PATTERN",1
"665","MILD PATTERN",1
"666","MINOR FLOOD",1
"667","MODERATE SNOW",1
"668","MOUNTAIN SNOWS",1
"669","MUD ROCK SLIDE",1
"670","MUD SLIDES",1
"671","MUD SLIDES URBAN FLOODING",1
"672","MUDSLIDE LANDSLIDE",1
"673","NEAR RECORD SNOW",1
"674","NO SEVERE WEATHER",1
"675","NON-SEVERE WIND DAMAGE",1
"676","NON-TSTM WIND",1
"677","NORTHERN LIGHTS",1
"678","PATCHY ICE",1
"679","PROLONG COLD SNOW",1
"680","RAIN (HEAVY)",1
"681","RAIN AND WIND",1
"682","RAIN DAMAGE",1
"683","RAIN WIND",1
"684","RAINSTORM",1
"685","RAPIDLY RISING WATER",1
"686","RECORD  COLD",1
"687","RECORD COLD AND HIGH WIND",1
"688","RECORD DRY MONTH",1
"689","RECORD EXCESSIVE RAINFALL",1
"690","RECORD HEAT WAVE",1
"691","RECORD HIGH TEMPERATURES",1
"692","RECORD MAY SNOW",1
"693","RECORD PRECIPITATION",1
"694","RECORD SNOW COLD",1
"695","RECORD WARM",1
"696","RECORD WARM TEMPS.",1
"697","ROGUE WAVE",1
"698","SEASONAL SNOWFALL",1
"699","SEVERE COLD",1
"700","SEVERE TURBULENCE",1
"701","SLEET & FREEZING RAIN",1
"702","SLEET ICE STORM",1
"703","SLEET RAIN SNOW",1
"704","SMALL STREAM",1
"705","SMALL STREAM AND",1
"706","SMALL STREAM AND URBAN FLOODIN",1
"707","SNOW- HIGH WIND- WIND CHILL",1
"708","SNOW  BITTER COLD",1
"709","SNOW  ICE",1
"710","SNOW ADVISORY",1
"711","SNOW AND ICE STORM",1
"712","SNOW AND WIND",1
"713","SNOW HEAVY SNOW",1
"714","SNOW RAIN",1
"715","SNOW RAIN SLEET",1
"716","SNOW SLEET RAIN",1
"717","SNOW\COLD",1
"718","SNOWFALL RECORD",1
"719","SNOWSTORM",1
"720","SOUTHEAST",1
"721","STORM FORCE WINDS",1
"722","STREAM FLOODING",1
"723","SUMMARY AUGUST 17",1
"724","SUMMARY AUGUST 2-3",1
"725","SUMMARY AUGUST 21",1
"726","SUMMARY AUGUST 28",1
"727","SUMMARY AUGUST 4",1
"728","SUMMARY AUGUST 7",1
"729","SUMMARY AUGUST 9",1
"730","SUMMARY JAN 17",1
"731","SUMMARY JULY 23-24",1
"732","SUMMARY JUNE 18-19",1
"733","SUMMARY JUNE 5-6",1
"734","SUMMARY JUNE 6",1
"735","SUMMARY OF APRIL 13",1
"736","SUMMARY OF APRIL 27",1
"737","SUMMARY OF APRIL 3RD",1
"738","SUMMARY OF AUGUST 1",1
"739","SUMMARY OF JULY 11",1
"740","SUMMARY OF JULY 2",1
"741","SUMMARY OF JULY 22",1
"742","SUMMARY OF JULY 26",1
"743","SUMMARY OF JULY 29",1
"744","SUMMARY OF JULY 3",1
"745","SUMMARY OF JUNE 10",1
"746","SUMMARY OF JUNE 11",1
"747","SUMMARY OF JUNE 12",1
"748","SUMMARY OF JUNE 15",1
"749","SUMMARY OF JUNE 16",1
"750","SUMMARY OF JUNE 18",1
"751","SUMMARY OF JUNE 23",1
"752","SUMMARY OF JUNE 24",1
"753","SUMMARY OF JUNE 30",1
"754","SUMMARY OF JUNE 4",1
"755","SUMMARY OF JUNE 6",1
"756","SUMMARY OF MARCH 14",1
"757","SUMMARY OF MARCH 24",1
"758","SUMMARY OF MARCH 24-25",1
"759","SUMMARY OF MARCH 27",1
"760","SUMMARY OF MARCH 29",1
"761","SUMMARY OF MAY 10",1
"762","SUMMARY OF MAY 13",1
"763","SUMMARY OF MAY 14",1
"764","SUMMARY OF MAY 22",1
"765","SUMMARY OF MAY 22 AM",1
"766","SUMMARY OF MAY 22 PM",1
"767","SUMMARY OF MAY 26 AM",1
"768","SUMMARY OF MAY 26 PM",1
"769","SUMMARY OF MAY 31 AM",1
"770","SUMMARY OF MAY 31 PM",1
"771","SUMMARY OF MAY 9-10",1
"772","SUMMARY SEPT. 25-26",1
"773","SUMMARY SEPTEMBER 20",1
"774","SUMMARY SEPTEMBER 3",1
"775","SUMMARY SEPTEMBER 4",1
"776","SUMMARY: NOV. 6-7",1
"777","SUMMARY: OCT. 20-21",1
"778","SUMMARY: OCTOBER 31",1
"779","SUMMARY: SEPT. 18",1
"780","THUNDERESTORM WINDS",1
"781","THUNDERSNOW",1
"782","THUNDERSNOW SHOWER",1
"783","THUNDERSTORM DAMAGE TO",1
"784","THUNDERSTORM HAIL",1
"785","THUNDERSTORM W INDS",1
"786","THUNDERSTORM WIND  TREE",1
"787","THUNDERSTORM WIND (G40)",1
"788","THUNDERSTORM WIND 52",1
"789","THUNDERSTORM WIND 56",1
"790","THUNDERSTORM WIND 59",1
"791","THUNDERSTORM WIND 59 MPH",1
"792","THUNDERSTORM WIND 59 MPH.",1
"793","THUNDERSTORM WIND 65 MPH",1
"794","THUNDERSTORM WIND 65MPH",1
"795","THUNDERSTORM WIND 69",1
"796","THUNDERSTORM WIND 98 MPH",1
"797","THUNDERSTORM WIND AWNING",1
"798","THUNDERSTORM WIND G51",1
"799","THUNDERSTORM WIND G55",1
"800","THUNDERSTORM WIND G61",1
"801","THUNDERSTORM WIND HAIL",1
"802","THUNDERSTORM WIND LIGHTNING",1
"803","THUNDERSTORM WIND TREES",1
"804","THUNDERSTORM WIND.",1
"805","THUNDERSTORM WINDS      LE CEN",1
"806","THUNDERSTORM WINDS  HAIL",1
"807","THUNDERSTORM WINDS 13",1
"808","THUNDERSTORM WINDS 2",1
"809","THUNDERSTORM WINDS 50",1
"810","THUNDERSTORM WINDS 52",1
"811","THUNDERSTORM WINDS 53",1
"812","THUNDERSTORM WINDS 60",1
"813","THUNDERSTORM WINDS 61",1
"814","THUNDERSTORM WINDS 62",1
"815","THUNDERSTORM WINDS 63 MPH",1
"816","THUNDERSTORM WINDS FLASH FLOOD",1
"817","THUNDERSTORM WINDS FLOODING",1
"818","THUNDERSTORM WINDS G60",1
"819","THUNDERSTORM WINDS SMALL STREA",1
"820","THUNDERSTORM WINDS URBAN FLOOD",1
"821","THUNDERSTORM WINDS53",1
"822","THUNDERSTORM WINDSHAIL",1
"823","THUNDERSTORM WINS",1
"824","THUNDERSTORMW",1
"825","THUNDERSTORMW 50",1
"826","THUNDERSTORMWINDS",1
"827","THUNDERSTROM WIND",1
"828","THUNDERTSORM WIND",1
"829","THUNERSTORM WINDS",1
"830","TIDAL FLOOD",1
"831","TORNADO DEBRIS",1
"832","TORNADO WATERSPOUT",1
"833","TORNADOES, TSTM WIND, HAIL",1
"834","TORNADOS",1
"835","TORNDAO",1
"836","TORRENTIAL RAIN",1
"837","TORRENTIAL RAINFALL",1
"838","TROPICAL STORM ALBERTO",1
"839","TROPICAL STORM GORDON",1
"840","TSTM",1
"841","TSTM WIND  (G45)",1
"842","TSTM WIND (41)",1
"843","TSTM WIND (G35)",1
"844","TSTM WIND 40",1
"845","TSTM WIND 45",1
"846","TSTM WIND 50",1
"847","TSTM WIND 65)",1
"848","TSTM WIND AND LIGHTNING",1
"849","TSTM WIND DAMAGE",1
"850","TSTM WIND G45",1
"851","TSTM WIND G58",1
"852","TSTM WND",1
"853","TSTMW",1
"854","TUNDERSTORM WIND",1
"855","UNSEASONABLE COLD",1
"856","UNSEASONABLY WARM & WET",1
"857","UNUSUALLY LATE SNOW",1
"858","URBAN FLOOD LANDSLIDE",1
"859","URBAN SMALL FLOODING",1
"860","URBAN SMALL STRM FLDG",1
"861","URBAN SML STREAM FLDG",1
"862","VERY WARM",1
"863","VOG",1
"864","VOLCANIC ASH PLUME",1
"865","VOLCANIC ASHFALL",1
"866","WALL CLOUD FUNNEL CLOUD",1
"867","WARM DRY CONDITIONS",1
"868","WARM WEATHER",1
"869","WATER SPOUT",1
"870","WATERSPOUT ",1
"871","WATERSPOUT FUNNEL CLOUD",1
"872","WAYTERSPOUT",1
"873","WET MICOBURST",1
"874","WET SNOW",1
"875","WET WEATHER",1
"876","WILD FOREST FIRES",1
"877","WIND AND WAVE",1
"878","WIND CHILL HIGH WIND",1
"879","WIND HAIL",1
"880","WIND STORM",1
"881","WINTER STORM HIGH WIND",1
"882","WND",1
